OBJECTID,STATION NAME,YEAR STATION OPENED,SYSTEM,LINE,WMATA 2011 RIDERSHIP,WMATA 2015 RIDERSHIP,WMATA 2017 RIDERSHIP,WMATA 2019 RIDERSHIP,MTA PURPLE LINE PROJECTED 2015 RIDERSHIP,MTA PURPLE LINE PROJECTED 2017 RIDERSHIP,MARC 2011 RIDERSHIP,MARC 2015 RIDERSHIP,MARC 2017 RIDERSHIP,MARC 2019 RIDERSHIP,MTA METRO LINE 2011 RIDERSHIP,MTA METRO LINE 2015 RIDERSHIP,MTA METRO LINE 2017 RIDERSHIP,MTA METRO LINE 2019 RIDERSHIP,MTA LIGHT RAIL LINE 2011 RIDERSHIP,MTA LIGHT RAIL LINE 2015 RIDERSHIP,MTA LIGHT RAIL LINE 2017 RIDERSHIP,MTA LIGHT RAIL LINE 2019 RIDERSHIP,NUMBER OF PARKING SPACES IN 2008,NUMBER OF PARKING SPACES IN 2017,NUMBER OF DAILY NON-MARC TRAINS,NUMBER OF DAILY MARC TRAINS,ACCESS MODE PERCENTAGE BY BUS IN 2010,ACESS MODE PERCENTAGE BY BUS IN 2017,ACCESS MODE PERCENTAGE BY PARK AND RIDE IN 2010,ACCESS MORE PERCENTAGE BY PARK AND RIDE IN 2017,ACCESS MODE PERCENTAGE BY KISS AND RIDE IN 2010,ACESS MODE PERCENTAGE BY KISS AND RIDE IN 2017,ACCESS MODE PERCENTAGE BY BIKE IN 2010,ACESS MODE PERCENTAGE BY BIKE IN 2017,ACCESS MODE PERCENTAGE BY WALKING IN 2010,ACCESS MODE PERCENTAGEBY WALKING IN 2017,"ACCESS MODE PERCENTAGE BY AMTRAK, AMRC, VRE IN 2010",ACCESS MODE PERCENTAGE BY AMTRAK MARC OR VRE IN 2017,ACCESS MODE PERCENTAGE BY TAXI OR RIDESHARE IN 2010,ACCESS MODE PERCENTAGE BY TAXI OR RIDESHARE IN 2017,EGRESS MODE PERCENTAGE BY BUS IN 2010,EGRESS MODE PERCENTAGE BY BUS IN 2017,EGRESS MODE PERCENTAGE BY PARK AND RIDE IN 2010,EGRESS MODE PERCENTAGE BY PARK AND RIDE IN 2017,ACCESS MODE PERCENTAGE KISS AND RIDE IN 2010,EGRESS MODE PERCENTAGE KISS AND RIDE IN 2017,EGRESS MODE PERCENTAGE BY BIKE IN 2010,EGRESS MODE PERCENTAGE BY BIKE IN 2017,EGRESS MODE PERCENTAGE BY WALKING IN 2010,EGRESS MODE PERCENTAGE BY WALKING IN 2017,EGRESS MODE PERCENTAGE BY AMTRAK MARC OR VRE IN 2010,EGRESS MODE PERCENTAGE BY AMTRAK MARC OR VRE IN 2017,EGRESS MODE PERCENTAGE BY TAXI IN 2010,EGRESS MODE PERCENTAGE BY TAXI IN 2017,VERY LOW DENSITY RESIDENTIAL LAND USE,LOW DENSITY RESIDENTIAL LAND USE,MEDIUM DENSITY RESIDENTIAL LAND USE,HIGH DENSITY RESIDENTIAL LAND USE,COMMERCIAL LAND USE,INDUSTRIAL LAND USE,INSTITUTIONAL LAND USE,OTHER LAND USE,AGRICULTURAL LAND USE,FORESTED LAND USE,WETLANDS LAND USE,BARREN LAND USE,UNCLASSIFIED ZONING,COMMERCIAL ZONING,INDUSTRIAL ZONING,LEAST PROTECTED ZONING,VERY LOW DENSITY RESIDENTIAL ZONING,LOW DENSITY RESIDENTIAL ZONING,MEDIUM DENSITY RESIDENTIAL ZONING,HIGH DENSITY RESIDENTIAL ZONING,MIXED USE ZONING,MOST PROTECTED ZONING,MUNICIPAL ZONING,OTHER ZONING,RIGHT OF WAY AND OTHER ZONING,MODERATELY PROTECTED ZONING,STATION AREA PROJECTS,x,y
24,BALTIMORE HIGHLANDS,1992,MTA,Light Rail,,,,,,,,,,,,,,,331,276,265,264,50,30,201,0,0,0,0,26.67,0,0,0,0,0,73.33,0,0,0,0,0,0,0,0,0,0,0,0,0,66.67,0,0,0,33.33,0,0,220.83,1.69,1.83,17.42,10.76,13.55,0,59.14,166.74,0,0,8.76,27.17,0,0,0,229.57,2.2,0,234.88,0,0,0,0,http://planning.maryland.gov/Pages/OurWork/TOD/station.aspx?sid=76,431691.3420000002,174170.23999999836
30,BWI BUSINESS DISTRICT,1997,MTA,Light Rail,,,,,,,,,,,,,,,251,209,201,200,36,34,102,0,0,60,0,8,0,0,0,0,0,28,0,0,0,4,0,75,0,25,0,0,0,0,0,0,0,0,0,0,0,0,0,0,499.69,0,0,0,0.05,0,0,0,0,0,95.12,0,0,373.09,3.38,0,0,30.98,0,0,0,0,http://planning.maryland.gov/Pages/OurWork/TOD/station.aspx?sid=81,428231.8122000024,169307.2388000004
50,BWI MARSHALL RAIL STATION,1980,MARC,Penn,,,,,,,1872,1872,1956,2191,,,,,,,,,1600,3187,0,51,0,34.41,0,42.63,0,0,0,0,0,9.84,0,0,0,13.12,0,10.26,0,79.49,0,0,0,0,0,3.41,0,0,0,6.84,9.14,0.78,0,0,32.84,31.76,5.77,8.59,11.42,368.33,0,12.46,0,0,230.77,0,0,132.99,0,0,9.46,129.36,0,0,0,0,http://planning.maryland.gov/Pages/OurWork/TOD/station.aspx?sid=82,426391.0900999978,169359.53290000185
31,BWI THURGOOD MARSHALL AIRPORT,1997,MTA,Light Rail,,,,,,,,,,,,,,,1221,1017,979,975,0,0,102,0,0,19.34,0,7.53,0,0,0,1.08,0,54.84,0,5.38,0,11.83,0,13.64,0,2.26,0,0,0,0,0,79.55,0,0,0,4.55,5.79,58.85,0,0,276.78,4.72,0,0.49,72.35,78.64,0.19,0,0,0,0.24,0,0,502.21,0,0,0,0.13,0,0,0,0,http://planning.maryland.gov/Pages/OurWork/TOD/station.aspx?sid=83,428531.7093999982,168348.75820000097
19,CAMDEN YARDS-CAMDEN STATION,1856,"MTA, MARC","Light Rail, Camden",,,,,,,374,389,372,405,,,,,757,630,607,604,0,0,303,18,0,0,0,0,0,0,0,0,0,77.78,0,0,0,22.22,0,5.18,0,0,0,0,0,6.9,0,81.03,0,1.72,0,5.17,0,0,0,105.95,166.96,20.77,165.33,8.05,0,0,0.23,0,0,166.58,126.48,0,0,0,0,110.58,87.28,0,0,0,0,0,http://planning.maryland.gov/Pages/OurWork/TOD/station.aspx?sid=84,432810.5865999982,179584.03510000184
16,CENTRE STREET,1992,MTA,Light Rail,,,,,,,,,,,,,,,555,463,445,443,0,0,303,0,0,12.5,0,2.5,0,0,0,0,0,80,0,0,0,5,0,0,0,2.13,0,0,0,2.13,0,95.74,0,0,0,0,0,0,0,91.54,260.82,1.3,124.07,10.05,0,0,0,0,0,103.71,4.85,0,0,0,0,105.03,288.98,0,0,0,0,0,http://planning.maryland.gov/Pages/OurWork/TOD/station.aspx?sid=86,432785.5194000006,181010.26350000128
41,CHARLES CENTER,1983,MTA,Metro,,,,,,,,,,,5413,4745,5066,3733,,,,,0,0,233,0,0,37.6,0,2.8,0,0,0,0.3,0,56.1,0,2.4,0,0.8,0,1,0,2.6,0,0,0,0.7,0,95.7,0,0,0,0,0,0,0,14.28,333.96,0,95.77,22.04,0,0,3.08,0,0,207.73,43.73,0,0,0,0,14.87,216.27,0,0,0,0,0,http://planning.maryland.gov/Pages/OurWork/TOD/station.aspx?sid=74,433252.36659999937,180223.15839999914
22,CHERRY HILL,1992,MTA,Light Rail,,,,,,,,,,,,,,,814,678,653,650,0,0,201,0,0,52.94,0,0,0,0,0,0,0,38.24,0,0,0,8.82,0,0,0,0,0,0,0,0,0,100,0,0,0,0,0,0,9.11,85.93,17.57,182.69,43.43,52.19,0,63.76,32.57,4.77,0,0,248.43,0,0,0,0,182.76,53.77,0,0,0,15.68,0,http://planning.maryland.gov/Pages/OurWork/TOD/station.aspx?sid=87,431507.5926999971,176488.1499999985
11,COLD SPRING LANE,1997,MTA,Light Rail,,,,,,,,,,,,,,,723,602,579,577,0,0,187,0,0,47.62,0,2.38,0,0,0,0,0,47.62,0,0,0,2.38,0,0,0,0,0,0,0,0,0,84.62,0,0,0,15.38,0,9.64,23.93,66.8,10.61,46.81,71.53,17.1,0,213.22,0,9.04,0,0,147.6,0,0,0,11.96,323.41,19.6,0,0,0,0,0,http://planning.maryland.gov/Pages/OurWork/TOD/station.aspx?sid=89,430349.32140000165,186284.1779000014
18,CONVENTION CENTER,1992,MTA,Light Rail,,,,,,,,,,,,,,,1240,1033,994,990,0,0,303,0,0,34.06,0,1.1,0,0,0,1.1,0,56.04,0,1.1,0,6.6,0,0,0,1.11,0,0,0,1.11,0,93.34,0,0,0,4.44,0,0,0,71.37,217.54,7.28,162.82,7.85,0,0,0.29,0,0,180.49,89.56,0,0,0,0,82.62,138.31,0,0,0,0,0,http://planning.maryland.gov/Pages/OurWork/TOD/station.aspx?sid=90,432836.4033000022,179791.60379999876
29,CROMWELL-GLEN BURNIE,1992,MTA,Light Rail,,,,,,,,,,,,,,,1324,1102,1061,1057,795,723,99,0,0,33.33,0,27.45,0,0,0,1.96,0,22.55,0,0,0,14.71,0,2.8,0,24.32,0,0,0,2.7,0,56.76,0,0,0,13.51,0,0,162.61,2.56,90.63,54.14,26.53,25.26,32.98,90.89,0.93,0,0,99.25,147.84,0,0,17.71,177.74,0,0,60.03,0,0,0,0,http://planning.maryland.gov/Pages/OurWork/TOD/station.aspx?sid=91,431706.3746000007,167179.08889999986
102,CULTURAL CENTER,1992,MTA,Light Rail,,,,,,,,,,,,,,,898,748,720,717,0,0,303,0,0,14.49,0,4.35,0,0,0,0,0,59.42,0,18.84,0,2.9,0,0,0,3.64,0,0,0,0,0,96.36,0,0,0,0,0,0,0,178.1,147.48,6.06,123.65,2.38,0,0,0,0,0,128.97,13.03,0,0,0,0,146.3,214.27,0,0,0,0,0,http://planning.maryland.gov/Pages/OurWork/TOD/station.aspx?sid=92,432737.0077999979,181782.28400000185
57,DORSEY,1996,MARC,Camden,,,,,,,550,581,543,572,,,,,,,,,802,860,0,18,0,0,0,83.87,0,0,0,0,0,3.23,0,0,0,12.9,0,0,0,0,0,0,0,0,0,0,0,0,0,0,0.73,30.24,64.01,0,75.72,59.16,22.75,3.44,3.81,128.71,0,88.52,0,12.08,238.1,0,0,88.15,0,0,142.82,20.95,0,0,1.35,0,http://planning.maryland.gov/Pages/OurWork/TOD/station.aspx?sid=95,422017.9707000032,168173.0335999988
46,EDGEWOOD,1991,MARC,Penn,,,,,,,298,301,231,246,,,,,,,,,150,348,0,12,0,0,0,66.67,0,0,0,0,0,0,0,0,0,33.33,0,0,0,91.67,0,0,0,0,0,0,0,0,0,4.17,0,20.18,63.95,46.8,23.43,0,164.09,52.59,0,130.29,1.24,0,0,49.47,1.82,0,0,0,191.95,0,0,0,0,257.96,1.37,0,http://planning.maryland.gov/Pages/OurWork/TOD/station.aspx?sid=62,460907.9121999964,194425.4001000002
9,FALLS ROAD,1992,MTA,Light Rail,,,,,,,,,,,,,,,506,421,406,404,110,203,191,0,0,4.55,0,72.72,0,0,0,0,0,18.18,0,0,0,4.55,0,0,0,57.14,0,0,0,0,0,28.57,0,0,0,14.29,0.05,170.32,58.89,12.61,43.5,25.38,4.48,9.36,0,150.26,9.33,4.55,0,50.48,53.13,0,0,229.65,73.8,26.58,9.54,59.4,0,0,0,0,http://planning.maryland.gov/Pages/OurWork/TOD/station.aspx?sid=96,430180.29460000247,189874.6700000018
28,FERNDALE,1992,MTA,Light Rail,,,,,,,,,,,,,,,114,95,91,91,0,0,99,0,0,0,0,12.5,0,0,0,0,0,75,0,0,0,12.5,0,0,0,16.67,0,0,0,0,0,83.33,0,0,0,0,0,5.07,342.15,14.08,4.95,72.3,11.9,8.03,0,25.07,1.12,0,0,14.31,59.17,0,0,0,425.26,1.1,0,2.73,0,0,0,0,http://planning.maryland.gov/Pages/OurWork/TOD/station.aspx?sid=97,431092.8628000021,168447.03669999912
91,GAITHERSBURG,Pre-1980,MARC,Brunswick,,,,,,,458,585,536,501,,,,,,,,,280,0,0,18,0,2.7,0,64.86,0,0,0,0,0,27.03,0,0,0,5.41,0,1.32,0,67.11,0,0,0,0,0,30.26,0,0,0,1.31,0,8.03,145.05,113.55,83.19,34.04,99.62,19.1,0,0,0.01,0,0,3.43,2.79,0,0,248.57,1.24,31.01,193.79,0,0,0,21.74,0,http://planning.maryland.gov/Pages/OurWork/TOD/station.aspx?sid=100,383311.17849999666,163737.8889000006
89,GARRETT PARK,Pre-1980,MARC,Brunswick,,,,,,,30,50,55,57,,,,,,,,,22,20,0,10,0,0,0,61.54,0,0,0,0,0,38.46,0,0,0,0,0,0,0,0,0,0,0,0,0,0,0,0,0,0,0,0,355.4,2.3,0,7.14,24.01,10.72,0,103,0,0,0,0.2,3.9,0,0,0,390.43,2.13,0,0,0,0,105.91,0,http://planning.maryland.gov/Pages/OurWork/TOD/station.aspx?sid=101,391905.45109999925,152335.17379999906
79,GLENMONT,1999,WMATA,Red,5850,6185,5671,5475,,,,,,,,,,,,,,,1850,2998,321,0,19.71210838,19,49.21253175,54,16.93480102,13,0.50804403,1,12.80270957,11,0,0,0.22015241,1,20.3060166,16,50.32417012,59,12.04616183,11,0.70020747,1,13.45954357,12,0,0,0.63537344,1,0,1.2,240.24,130.35,24.62,0,36.12,8.25,0,28.94,0,20.44,0,0,0,0,0,0,243.3,91.27,68.58,0,0,0,99.42,0,http://planning.maryland.gov/Pages/OurWork/TOD/station.aspx?sid=104,395364.7644999996,154866.23999999836
72,GROSVENOR-STRATHMORE,1984,WMATA,Red,5876,5557,5181,4995,,,,,,,,,,,,,,,1871,1894,481,0,8.86894075,10,49.94614004,48,10.66427289,8,0.52064632,2,28.68940754,33,0,0,0.39497307,0,9.26596207,9,44.8240915,42,8.1945852,8,0.4632981,2,34.95005067,38,0,0,0.65151296,1,0,0,38.58,199.22,4.07,22.85,160.58,0,0,69.01,0,0,0,0,0,0,0,0,250.66,180.8,0,0,0,0,71.12,0,http://planning.maryland.gov/Pages/OurWork/TOD/station.aspx?sid=71,391008.000500001,151260.4840000011
49,HALETHORPE,Pre-1980,MARC,Penn,,,,,,,1100,1419,1293,1355,,,,,,,,,345,839,0,38,0,9.09,0,54.55,0,0,0,9.09,0,9.09,0,0,0,18.18,0,0.44,0,89.33,0,0,0,0,0,5.34,0,0,0,4.89,0,20.72,366.46,7.36,7.3,20.81,21.21,0.03,0,8.26,0,0,0,23.9,47.98,0,0,15.93,407.47,7.29,0,0,0,0,0,0,http://planning.maryland.gov/Pages/OurWork/TOD/station.aspx?sid=105,426624.36869999766,174481.99450000003
20,HAMBURG STREET,2005,MTA,Light Rail,,,,,,,,,,,,,,,289,241,232,231,0,0,201,0,0,5.88,0,0,0,0,0,5.88,0,70.59,0,0,0,17.65,0,0,0,0,0,0,0,0,0,100,0,0,0,0,0,0,0,145.04,63.95,124.65,118.99,9.68,0,0,1.31,0,0,44.75,244.64,0,0,0,0,148.55,47.39,0,0,1.6,0,0,http://planning.maryland.gov/Pages/OurWork/TOD/station.aspx?sid=64,432785.0876000002,178999.5102000013
58,JESSUP,Pre-1980,MARC,Camden,,,,,,,2,1,0,1,,,,,,,,,100,32,0,2,0,0,0,0,0,0,0,0,0,0,0,0,0,0,0,0,0,0,0,0,0,0,0,0,0,0,0,0,48.96,58.12,31.18,0,95.73,109.94,58.89,0,0.99,98.84,0,0,0,5.29,271.93,0,0,229.56,0,0,0,0,0,0,0,0,http://planning.maryland.gov/Pages/OurWork/TOD/station.aspx?sid=106,419330.4195000008,164859.67709999904
43,JOHNS HOPKINS HOSPITAL,1995,MTA,Metro,,,,,,,,,,,3729,3358,3570,2749,,,,,0,0,233,0,0,27,0,0.8,0,0,0,0,0,68.4,0,1.2,0,2.6,0,0.5,0,2,0,0,0,0.5,0,95.5,0,0,0,1.5,0,0,0,320.98,26.29,0,146.8,0,0,0,0,0,0,0,1.43,0,0,0,0,358.95,142.17,0,0,0,0.13,0,http://planning.maryland.gov/Pages/OurWork/TOD/station.aspx?sid=65,435004.9711000025,181090.78409999982
88,KENSINGTON,Pre-1980,MARC,Brunswick,,,,,,,157,189,188,208,,,,,,,,,45,107,0,14,0,0,0,63.16,0,0,0,0,0,31.58,0,0,0,5.26,0,0,0,69.23,0,0,0,0,0,26.92,0,0,0,3.85,0,0,333.82,8.62,102.28,6.85,23.3,15.09,0,1.3,0,0,0,0,1.11,0,0,0,294.84,8.37,67.64,0,0,0,130.62,0,http://planning.maryland.gov/Pages/OurWork/TOD/station.aspx?sid=107,393786.45380000025,150986.80840000138
101,LAUREL,Pre-1980,MARC,Camden,,,,,,,629,679,657,655,,,,,,,,,299,484,0,18,0,0,0,86.49,0,0,0,0,0,2.7,0,0,0,10.81,0,0,0,89.87,0,0,0,0,0,7.59,0,0,0,2.54,0,0,100.7,17.43,210.17,35.21,18.08,19.94,0,101.11,0,0,0,110.15,136.33,10.58,0,0,82,12.16,70.42,37.19,0,0,45.32,0,http://planning.maryland.gov/Pages/OurWork/TOD/station.aspx?sid=9,413691.6661000028,159371.76150000095
60,LAUREL RACE TRACK,1994,MARC,Camden,,,,,,,12,8,3,3,,,,,,,,,300,300,0,3,0,0,0,0,0,0,0,0,0,0,0,0,0,0,0,0,0,0,0,0,0,0,0,0,0,0,0,0,0,0.01,17.23,4.15,255.62,50.64,0.21,35.09,23.27,116.44,0,0,0,48.75,231.62,2.51,0,0.05,23.86,0,167.43,22.84,0,0,8.11,0,http://planning.maryland.gov/Pages/OurWork/TOD/station.aspx?sid=109,414371.7048999965,159750.2404000014
106,LEXINGTON MARKET,1983,MTA,Metro,,,,,,,,,,,6471,5524,5396,3238,,,,,0,0,233,0,0,37.1,0,3.1,0,0,0,0,0,46.5,0,10.2,0,3.1,0,0.6,0,0.6,0,0,0,0,0,96.9,0,0,0.6,1.3,0,0,0,59.16,273.45,1.3,144.26,8.86,0,0,0,0,0,146.58,4.01,0,0,0,0,93.14,258.84,0,0,0,0,0,http://planning.maryland.gov/Pages/OurWork/TOD/station.aspx?sid=112,432686.3791999966,180513.3473000005
104,LEXINGTON MARKET-NORTHBOUND,1992,MTA,Light Rail,,,,,,,,,,,,,,,3744,3177,3001,2989,0,0,303,0,0,38.32,0,0,1.87,0,0,0,0,23.36,0,33.18,0,3.27,0,0,0,0,0,0,0,0,0,96.1,0,0,0,3.9,0,0,0,38.12,305.4,1.3,136.55,10.08,0,0,0,0,0,164.99,1.6,0,0,0,0,65.67,270.01,0,0,0,0,0,http://planning.maryland.gov/Pages/OurWork/TOD/station.aspx?sid=110,432818.72569999844,180547.69750000164
103,LEXINGTON MARKET-SOUTHBOUND,1992,MTA,Light Rail,,,,,,,,,,,,,,,3744,3177,3001,2989,0,0,303,0,0,38.32,0,1.87,0,0,0,0,0,23.36,0,33.18,0,3.27,0,0,0,0,0,0,0,0,0,96.1,0,0,0,3.9,0,0,0,24.67,299.42,1.3,161.85,9.11,0,0,0,0,0,184.77,16.91,0,0,0,0,43.05,257.85,0,0,0,0,0,http://planning.maryland.gov/Pages/OurWork/TOD/station.aspx?sid=111,432821.95380000025,180370.95439999923
27,LINTHICUM,1992,MTA,Light Rail,,,,,,,,,,,,,,,544,453,436,434,0,0,201,0,0,20,0,0,0,0,0,40,0,20,0,0,0,20,0,0,0,0,0,0,0,0,0,85.71,0,0,0,14.29,0,56.55,360.54,0,19.03,0,42.91,16.62,0,5.84,0,0,0,17.85,0,0,0,1.22,461.86,0,0,21.64,0,0,0,0,http://planning.maryland.gov/Pages/OurWork/TOD/station.aspx?sid=113,429770.0327000022,170523.2049999982
47,MARTIN STATE AIRPORT,1991,MARC,Penn,,,,,,,389,392,335,359,,,,,,,,,175,354,0,11,0,0,0,45.45,0,0,0,0,0,0,0,0,0,54.54,0,0,0,85.71,0,0,0,0,0,0,0,0,0,14.29,5.56,0,17.86,9.17,143.1,0,84.74,13.72,0,215.39,13.03,0,0,74.83,394.13,0,0,33.62,0,0,0,0,0,0,0,0,http://planning.maryland.gov/Pages/OurWork/TOD/station.aspx?sid=7,450059.06589999795,185716.82499999925
92,METROPOLITAN GROVE,1987,MARC,Brunswick,,,,,,,244,307,290,271,,,,,,,,,352,351,0,18,0,0,0,87.85,0,0,0,0,0,12.15,0,0,0,0,0,9.76,0,63.41,0,0,0,0,0,21.95,0,0,0,4.88,0,0,12.94,89.3,8.31,144.62,31.32,54.82,51.66,88.34,0,0,0,45.83,109.81,0,0,44.24,10.76,71.09,189.81,0,0,0,31.02,0,http://planning.maryland.gov/Pages/OurWork/TOD/station.aspx?sid=117,380401.6693999991,164649.12530000135
34,MILFORD MILL,1987,MTA,Metro,,,,,,,,,,,1686,1433,1483,1188,,,,,1300,1044,239,0,0,26.7,0,55.7,0,0,0,0,0,10.7,0,0.8,0,6.1,0,0,0,67.5,0,0,0,0,0,22.5,0,0,0,10,0,2.47,225.27,104.08,9.02,28.22,61.82,11.74,0,30.5,0,0,0,8.79,30.42,0,0,3.53,378.37,81.46,0,0,0,0,0,0,http://planning.maryland.gov/Pages/OurWork/TOD/station.aspx?sid=118,424078.90139999986,187969.96200000122
38,MONDAWMIN,1983,MTA,Metro,,,,,,,,,,,5603,3001,4444,2363,,,,,175,139,233,0,0,54.5,0,12.7,0,0,0,0,0,27.4,0,0,0,5.4,0,0,0,7.8,0,0,0,0,0,82.4,0,0,0,9.8,0,0,1.79,141.54,67.78,7.2,96.46,124.82,0,28.28,0,0,0,0,18.75,0,0,0,0,388.73,95.09,0,0,0,0,0,http://planning.maryland.gov/Pages/OurWork/TOD/station.aspx?sid=66,429951.70650000125,183352.00180000067
10,MOUNT WASHINGTON,1992,MTA,Light Rail,,,,,,,,,,,,,,,517,431,415,413,83,85,191,0,0,12.24,0,34.69,0,0,0,4.08,0,40.82,0,0,0,8.17,0,20,0,40,0,0,0,3.33,0,30,0,0,0,6.67,0,193.03,78.42,10.95,77.17,2.25,49.01,4.65,0,60.22,0,0,0,35.57,25.62,0,0,98.38,222.38,67.98,51.21,1.42,0,0,0,0,http://planning.maryland.gov/Pages/OurWork/TOD/station.aspx?sid=121,429973.48889999837,188964.87669999897
61,MUIRKIRK,1994,MARC,Camden,,,,,,,338,355,358,419,,,,,,,,,650,682,0,18,0,0,0,72.73,0,0,0,0,0,20.45,0,0,0,6.82,0,0,0,81.08,0,0,0,0,0,13.52,0,2.7,0,2.7,0,13.96,24.95,16.36,2.27,270.36,0,7.13,7.7,149.73,1.64,8.47,0,111.94,191.38,6.38,0,6.62,41.72,0,0.03,0,0,0,116.85,27.66,http://planning.maryland.gov/Pages/OurWork/TOD/station.aspx?sid=122,410026.10329999775,154994.91690000147
13,NORTH AVENUE,1992,MTA,Light Rail,,,,,,,,,,,,,,,1145,954,918,914,37,38,220,0,0,49.38,0,6.17,0,0,0,0,0,39.51,0,1.23,0,3.8,0,3.12,0,21.88,0,0,0,3.12,0,65.63,0,0,0,6.25,0,0,0,178.33,142.05,68.85,42.31,6.85,0,0,0,0,0,69.6,126.72,0,0,0,0,147.3,158.97,0,0,0,0,0,http://planning.maryland.gov/Pages/OurWork/TOD/station.aspx?sid=123,432548.8017999977,182691.13390000165
26,NORTH LINTHICUM,1992,MTA,Light Rail,,,,,,,,,,,,,,,711,592,570,568,347,346,201,0,0,0,0,73.47,0,0,0,0,0,22.45,0,0,0,4.08,0,0,0,0,0,0,0,0,0,0,0,0,0,0,0,5.54,279.35,13.25,35.22,0,16.29,60.8,1.32,63.03,0,0,0,41.17,0,0,0,0,410.95,27.64,0,22.8,0,0,0,0,http://planning.maryland.gov/Pages/OurWork/TOD/station.aspx?sid=124,430582.22119999677,171887.48169999942
25,NURSERY ROAD,1992,MTA,Light Rail,,,,,,,,,,,,,,,525,437,421,419,37,35,202,0,0,21.43,0,35.71,0,0,0,0,0,42.86,0,0,0,0,0,0,0,25,0,0,0,12.5,0,25,0,0,0,37.5,0,9.35,195.89,0,28.57,19.17,8.88,0,9.15,107.59,122.6,0,0,29.54,20.58,0,0,0,201.09,0,0,219.03,0,0,32.33,0,http://planning.maryland.gov/Pages/OurWork/TOD/station.aspx?sid=125,430965.89169999957,172660.60029999912
51,ODENTON,Pre-1980,MARC,Penn,,,,,,,2180,2816,2471,2482,,,,,,,,,1300,1976,0,41,0,22.22,0,55.56,0,0,0,3.7,0,7.41,0,0,0,11.11,0,0.83,0,89.18,0,0,0,0.83,0,5.83,0,0,0,3.33,0,67.93,83.65,5.77,112.08,40.59,63.86,6.07,0,122.62,0,0,0,216.78,28.05,0,0,62.1,39.33,156.31,0,0,0,0,0,0,http://planning.maryland.gov/Pages/OurWork/TOD/station.aspx?sid=1,425431.13660000265,157760.42700000107
33,OLD COURT,1987,MTA,Metro,,,,,,,,,,,1365,1365,1147,832,,,,,625,625,239,0,0,24.7,0,51.9,0,0,0,0,0,18.2,0,0,0,5.2,0,0,0,56.8,0,0,0,0,0,27,0,0,0,16.2,3.49,3.98,209.06,47.72,0,15.9,15.45,33.2,0,117.35,0,0,0,5.18,14.66,0,0,64.23,341.61,76.9,0,0,0,0,0,0,http://planning.maryland.gov/Pages/OurWork/TOD/station.aspx?sid=126,422040.48640000075,189255.89570000023
32,OWINGS MILLS,1987,MTA,Metro,,,,,,,,,,,4060,3644,3748,2543,,,,,3500,768,239,0,0,12.3,0,75.5,0,0,0,1,0,4,0,0,0,7.2,0,4.2,0,73.8,0,0,0,0.6,0,14,0,0,0,7.4,0,0,0,3.53,101.49,80.27,0,14.93,0.01,173.86,32.3,16.99,0,292.62,152.46,0,0,56.51,0,0.99,0,0,0,0,0,0,http://planning.maryland.gov/Pages/OurWork/TOD/station.aspx?sid=6,418957.71379999816,193253.7226999998
23,PATAPSCO,1992,MTA,Light Rail,,,,,,,,,,,,,,,1465,1220,1174,1169,216,167,201,0,0,60.82,0,9.28,0,0,0,0,0,17.53,0,0,0,12.37,0,0,0,22.22,0,0,0,5.56,0,44.44,0,0,0,27.78,0,0,113.87,110.68,23.06,75.36,16.08,21.74,0,85.36,46.29,3.5,0,0,149.24,0,0,0,137.25,122.21,0,93.81,0,0,0,0,http://planning.maryland.gov/Pages/OurWork/TOD/station.aspx?sid=127,431941.7502999976,174936.26410000026
15,PENN STATION,1911,"MARC, MTA","Penn, Light Rail",,,,,,,2650,3713,3548,3599,,,,,350,291,281,279,0,0,90,55,0,15.89,0,11.68,0,0,0,3.27,0,35.05,0,1.87,0,32.24,0,4.73,0,38.51,0,0,0,1.69,0,24.66,0,1.69,0,28.72,0,0,0,154.31,154.84,17.45,92.65,28.76,0,0,0,0,0,128.38,43.84,0,0,0,0,132,198.33,0,0,0,0.05,0,http://planning.maryland.gov/Pages/OurWork/TOD/station.aspx?sid=2,433150.6374000013,182201.18820000067
39,PENN-NORTH,1983,MTA,Metro,,,,,,,,,,,3106,2445,2570,1553,,,,,0,0,233,0,0,45.9,0,0.9,0,0,0,0,0,49.7,0,0,0,3.5,0,0,0,0,0,0,0,0,0,96.7,0,0,0,3.3,0,0,0,358.44,36.79,2.55,45.23,34.27,0,2.34,3.4,0,0,0,1.43,0,0,0,0,377.77,123.37,0,0,0,0,0,http://planning.maryland.gov/Pages/OurWork/TOD/station.aspx?sid=128,430845.7179000005,182512.7228000015
35,REISTERSTOWN PLAZA,1983,MTA,Metro,,,,,,,,,,,2131,1879,1761,1161,,,,,700,697,240,0,0,27.3,0,26.3,0,0,0,0,0,41.4,0,0,0,5,0,2.7,0,5.4,0,0,0,0,0,86.5,0,0,0,5.4,0,0,90.45,61.35,160.41,45.18,104.09,0,0,5.45,0,0,0,0,171.48,0,0,0,89.51,67.58,174.04,0,0,0,0,0,http://planning.maryland.gov/Pages/OurWork/TOD/station.aspx?sid=4,425453.6388999969,187117.32609999925
69,ROCKVILLE,Pre-1980,"MARC, WMATA","Brunswick, Red",4812,4424,4087,3656,,,583,584,494,493,,,,,,,,,667,524,373,19,25.9118371,22,23.4056836,19,14.56701723,12,1.07406579,1,29.11165809,37,0,9,0.15663459,0,27.48107653,22,26.53490328,21,6.83347351,6,0.46257359,1,28.9529016,41,8.41042893,7,0.18923465,1,0,0,202.82,26.75,151.17,44.87,75.81,1.14,0,0,0,0,0,0,0,0,0,0,228.68,11.66,198.88,10.67,0,0,52.69,0,http://planning.maryland.gov/Pages/OurWork/TOD/station.aspx?sid=68,387357.2814999968,157376.9690000005
36,ROGERS AVENUE,1983,MTA,Metro,,,,,,,,,,,2875,2433,2197,1875,,,,,900,337,233,0,0,42.6,0,12,0,0,0,0.9,0,38.9,0,1.9,0,3.7,0,0,0,36.7,0,0,0,0,0,53.3,0,0,0,10,0,0,153.49,122.96,91.14,36.72,9.71,31.01,0,0,0,0,0,0,67.61,0,0,0,187.34,150.42,97.2,0,0,0,0,0,http://planning.maryland.gov/Pages/OurWork/TOD/station.aspx?sid=132,426558.0367999971,186333.42449999973
59,SAVAGE,1989,MARC,Camden,,,,,,,475,362,358,419,,,,,,,,,822,393,0,18,0,0,0,94.82,0,0,0,0,0,5.18,0,0,0,0,0,0,0,91.07,0,0,0,1.79,0,7.14,0,0,0,0,0,29.83,0,0,22.53,194,0,5.73,0,114.26,0,102.4,0,0,400.15,0,0,0,0,0,67.49,38.72,0,0,0,0,http://planning.maryland.gov/Pages/OurWork/TOD/station.aspx?sid=11,417621.42329999804,161673.75279999897
68,SHADY GROVE,1984,WMATA,Red,13856,12609,11696,11139,,,,,,,,,,,,,,,5821,5745,373,0,31.99080203,36,51.21594314,45,11.5322974,9,0.61319769,1,3.70009059,7,0,0,0.0627134,0,31.3418872,32,51.49024325,50,7.81208233,8,0.49452018,1,6.32183908,7,0,0,0.24057739,1,0,8.06,16.98,110.42,42.21,61.4,226.6,16.21,3.09,8.97,8.63,0,0,0.44,100.81,0,3.92,49.31,47.25,4.11,241.28,0,0,0,55.46,0,http://planning.maryland.gov/Pages/OurWork/TOD/station.aspx?sid=13,385763.624499999,161332.375
42,SHOT TOWER-MARKET PLACE,1995,MTA,Metro,,,,,,,,,,,2094,1792,1702,1394,,,,,0,0,233,0,0,31.5,0,5.4,0,0,0,1.8,0,59.5,0,0.9,0,0.9,0,1.1,0,0,0,0,0,1.1,0,94.6,0,0,0,3.2,0,0,0,111.37,212.57,19.78,73.26,26.78,0,0,13.78,0,0,129.23,94.83,0,0,0,0,81.7,167.64,0,0,0,0,0,http://planning.maryland.gov/Pages/OurWork/TOD/station.aspx?sid=134,433992.6692999974,180260.76680000126
56,ST. DENIS,Pre-1980,MARC,Camden,,,,,,,11,18,9,9,,,,,,,,,30,34,0,6,0,0,0,75,0,0,0,0,0,25,0,0,0,0,0,0,0,0,0,0,0,0,0,0,0,0,0,0,11.49,89.58,94.41,8.59,8.29,70.68,11.64,12.69,0,119.7,0,26.93,0,6.73,130.39,14.29,0,84.41,195.51,10.48,0.57,60.27,0,0,0.15,0,http://planning.maryland.gov/Pages/OurWork/TOD/station.aspx?sid=136,425579.10170000046,172964.74300000072
105,STATE CENTER,1983,MTA,Metro,,,,,,,,,,,1929,1646,1698,1385,,,,,0,0,233,0,0,13,0,6.5,0,0,0,0,0,62,0,12,0,6.5,0,2.1,0,0,0,0,0,1.1,0,96.8,0,0,0,0,0,0,0,216.46,134.63,0,137.48,2.61,0,0,0,0,0,71.71,0,0,0,0,0,235.1,195.76,0,0,0,0,0,http://planning.maryland.gov/Pages/OurWork/TOD/station.aspx?sid=5,432505.36029999703,181540.18919999897
70,TWINBROOK,1984,WMATA,Red,4773,4443,4126,3807,,,,,,,,,,,,,,,1135,1097,373,0,10.06844778,13,33.91477147,30,6.80061824,5,2.64959152,1,45.97041289,51,0,0,0,0,15.04864865,14,30.20540541,24,4.23783784,8,0.86486486,1,46.24864865,53,0,0,0.32432432,0,0,0,99.59,63.75,194.6,124.82,17.5,2.07,0,0.24,0,0,0,0,17.45,0,0,2.97,108.78,42.05,260.94,0,0,0,70.38,0,http://planning.maryland.gov/Pages/OurWork/TOD/station.aspx?sid=14,389543.6564999968,154947.7190000005
17,UNIVERSITY CENTER-BALTIMORE STREET,1992,MTA,Light Rail,,,,,,,,,,,,,,,2716,2262,2177,2169,0,0,303,0,0,53.33,0,0.95,0,0,0,0,0,39.06,0,1.9,0,4.76,0,0,0,0.82,0,0,0,0,0,95.9,0,0,0,3.28,0,0,0,42.93,272.26,1.3,161.17,7.71,0,0,0.12,0,0,189.78,44.99,0,0,0,0,45.47,220.64,0,0,0,0,0,http://planning.maryland.gov/Pages/OurWork/TOD/station.aspx?sid=140,432829.25450000167,180114.43569999933
14,UNIVERSITY OF BALTIMORE-MOUNT ROYAL,1992,MTA,Light Rail,,,,,,,,,,,,,,,864,719,692,689,0,0,303,0,0,8.33,0,3.33,0,0,0,1.67,0,83.33,0,1.67,0,1.67,0,0,0,0,0,0,0,3.03,0,87.88,0,0,0,9.09,0,0,0,144.37,152.14,24.17,108.57,4.1,0,0,0,0,0,127.73,50,0,0,0,0,116.7,208.13,0,0,0,0,0,http://planning.maryland.gov/Pages/OurWork/TOD/station.aspx?sid=141,432782.19160000235,182199.4123999998
40,UPTON,1983,MTA,Metro,,,,,,,,,,,1867,1709,1659,1034,,,,,0,0,233,0,0,10.4,0,10.4,0,0,0,0,0,79.2,0,0,0,0,0,6.7,0,6.7,0,0,0,0,0,86.6,0,0,0,0,0,0,0,406.42,27.87,0,45.66,6.76,0,0,0,0,0,0,0,0,0,0,0,402.6,99.97,0,0,0,0,0,http://planning.maryland.gov/Pages/OurWork/TOD/station.aspx?sid=142,431343.2757000029,181940.1719999984
90,WASHINGTON GROVE,Pre-1980,MARC,Brunswick,,,,,,,41,48,47,43,,,,,,,,,15,27,0,8,0,0,0,80,0,0,0,0,0,20,0,0,0,0,0,0,0,100,0,0,0,0,0,0,0,0,0,0,4.25,73.86,183.71,18.66,22.79,55.65,20.43,7.11,46.35,69.13,0.64,0,0,39.77,34,0,0,143.05,190.53,0,29.87,26.71,0,0,38.65,0,http://planning.maryland.gov/Pages/OurWork/TOD/station.aspx?sid=144,384634.23089999706,163171.0463999994
48,WEST BALTIMORE,1984,MARC,Penn,,,,,,,751,751,752,767,,,,,,,,,327,662,0,39,0,0,0,6.67,0,0,0,0,0,53.33,0,0,0,40,0,1.43,0,88.57,0,0,0,0,0,7.14,0,0,0,2.86,0,0,0,339.23,36.83,43.19,33.95,0,0,0,0,0,0,0,119.79,0,0,0,0,351.08,31.71,0,0,0,0,0,http://planning.maryland.gov/Pages/OurWork/TOD/station.aspx?sid=10,429920.55839999765,180623.29879999906
37,WEST COLD SPRING,1983,MTA,Metro,,,,,,,,,,,1727,1487,1377,783,,,,,300,247,233,0,0,19.5,0,18.4,0,0,0,0,0,59.8,0,0,0,2.3,0,1.1,0,0.5,0,0,0,0.2,0,95.7,0,0,0,2.5,0,0,115.61,219.71,64.67,22.57,38.33,5.29,0,0,0,0,0,0,34.05,0,0,0,104,321.43,41.78,0,0,1.32,0,0,http://planning.maryland.gov/Pages/OurWork/TOD/station.aspx?sid=145,428250.325000003,185389.4899000004
21,WESTPORT,1992,MTA,Light Rail,,,,,,,,,,,,,,,742,618,595,591,0,0,201,0,0,33.33,0,0,0,0,0,0,0,62.5,0,0,0,4.17,0,0,0,0,0,0,0,0,0,100,0,0,0,0,0,0,6.81,62.83,0,215.08,17.73,34.92,0,17.45,68.37,0,0,0,199.34,0,0,0,0,126.41,82.89,0,0,0,25.61,0,http://planning.maryland.gov/Pages/OurWork/TOD/station.aspx?sid=3,431746.53140000254,177133.44200000167
80,WHEATON,1990,WMATA,Red,4472,4231,3774,3468,,,,,,,,,,,,,,,977,977,321,0,13.0212592,19,37.42845462,26,9.36222404,10,0.67457073,0,37.53066231,45,0,0,0,0,17.40320688,17,35.82323035,30,5.90535784,5,0.31286664,1,36.84004693,46,0,0,0.29331248,1,0,0,152.77,112.25,179.07,0,31.72,16.58,0,0,0,0,0,56.03,0,0,0,0,164.77,50.61,124.03,0,0,0,107.15,0,http://planning.maryland.gov/Pages/OurWork/TOD/station.aspx?sid=12,395661.9004999995,152173.30999999866
71,WHITE FLINT,1984,WMATA,Red,4266,3855,3456,3506,,,,,,,,,,,,,,,1270,1270,373,0,11.75166297,14,16.28479921,15,8.1300813,7,0.54200542,2,61.96107416,61,0,0,0.12318305,1,19.20374707,12,10.27842831,16,9.00338277,4,0.31225605,1,59.32864949,66,0,0,0,0,0,5.44,2.43,83.26,232.69,93.78,41.79,27.53,0,15.64,0,0,0,31.06,38.88,0,0,6.74,37.47,14.3,268.24,0,0,0,105.89,0,http://planning.maryland.gov/Pages/OurWork/TOD/station.aspx?sid=16,390233.0314999968,153357.561999999
12,WOODBERRY,1992,MTA,Light Rail,,,,,,,,,,,,,,,472,393,378,377,0,0,187,0,0,17.02,0,0,0,0,0,0,0,74.47,0,0,0,8.51,0,3.03,0,6.06,0,0,0,3.03,0,84.85,0,0,0,3.03,0,0,2.42,148.14,57.62,91.87,11.57,38.94,0,136.12,0,0.01,0,0,179.4,0,0,0,0,284.8,38.37,0,0,0,0,0,http://planning.maryland.gov/Pages/OurWork/TOD/station.aspx?sid=63,430732.44420000166,184869.15509999916
